opleiding_nl,instelling,categorie,bron,juist
Gymnasium,Hondsrugcollege,vo,tekst,
"Declarant / Europese douanewetgeving, Logex",,niet_ingedeeld,geen,
Bachelor Internationale Communicatie (HEAO),Inholland Hogeschool,wo,tekst,
Gymnasium-B,Mendelcollege,vo,tekst,
"Topkadertraining, masterclass VVD",,cursus,tekst,
NIVE bedrijfseconomie,,cursus,tekst,
Doctoraal Bestuurskunde,Erasmus Universiteit Rotterdam,wo,tekst,
Voorbereidend beroepsonderwijs Landbouw en Natuur,,niet_ingedeeld,geen,
Fiscaal Recht,Universiteit van Maastricht,wo,instelling,
Master Sociologie,Rijksuniversiteit Groningen,wo,tekst,
Basis Kwalificatie Examinering Hoger beroeps Onderwijs,Hogeschool Rotterdam,cursus,tekst,
Doctor in de Economie / Bestuurskunde,Universiteit Leiden,wo,instelling,
Spoedeisendehulpverpleegkundige,UMCU,mbo,tekst,
"Global Orientation, vakken International Relations, International Law, English and French. Diploma juni 1989","ASIR - Amsterdam School for International Relations, Engelstalig",niet_ingedeeld,geen,
Commerciële Economie,HBO Saxion,hbo,instelling,
Leergang Board Potentials; ‘Commissaris Nieuwe Stijl’,Nationaal Register Academy,cursus,tekst,
Beroepsopleiding Advocatuur,Nederlandse Orde van Advocaten,cursus,tekst,
Propedeuse Geschiedenis,Universiteit Leiden,wo,instelling,
Bedrijfskunde,Universiteit Nijenrode,wo,instelling,
"Faculteit der Letteren, Geschiedenis van de Oudheid en Antieke Cultuur",Universiteit Utrecht,wo,instelling,
CNC Basis frezen (2fi),ROC,mbo,instelling,
Post-HBO Bedrijfskunde (behaald in 2010),Leergang Bedrijfskunde,hbo,tekst,
Mavo,,vo,tekst,
HBO Management,,hbo,tekst,
Propaedeuse in “Langues Etrangères Appliquées”,Universiteit van Montpellier,wo,instelling,
Rechten; niet voltooid,Rijksuniversiteit,wo,instelling,
Kandidaatsexamen rechten,,wo,tekst,
"L.E.A.O., L.H.N.O.",,vo,tekst,
Straf- en staats/bestuursrecht,Erasmus Universiteit Rotterdam,wo,instelling,
"‘Operational Auditing’ Postdoctorale opleiding, Amsterdam Business School",Universiteit van Amsterdam,cursus,tekst,
Huisartsgeneeskunde,Universiteit Nijmegen,wo,instelling,
Organisatiewetenschappen,Universiteit van Tilburg,wo,instelling,
Nederlands recht: privaat- en internationaal recht,Universiteit van Amsterdam,wo,instelling,
VWO,Reformatorische Van Lodensteinscholengemeenschap,vo,tekst,
HBO-Maatschappelijk Werk,Hogeschool Rijnmond,hbo,tekst,
Rijksbelastingacademie,,niet_ingedeeld,geen,
Vaktechnische opleiding Commandant Vuurmondpeloton Panzerhouwitzer (Artillerie),,niet_ingedeeld,geen,
Verschillende militaire opleidingen en cursussen,,cursus,tekst,
,RK lagere school,basisonderwijs,instelling,
Basisopleiding Mediation,,cursus,tekst,
American Studies,Smith college,vo,instelling,
Staatkundige economie,"Erasmus Universiteit Rotterdam (deels aan de Universiteit van Stellenbosch, Zuid-Afrika)",wo,instelling,
VMBO niveau B,Frederik Hendrik College,vo,tekst,
Verpleegkundige,ROC,mbo,tekst,
MAVO-4,Marnix-Mavo,vo,tekst,
Cursus fractievoorzitterschap,,cursus,tekst,
HAVO,Rijksscholengemeenschap 't Rijks,vo,tekst,
MSc Agrotechnology and bioresource engineering,Wageningen Universiteit,wo,tekst,
Economie van Landbouw en Milieu (niet voltooid),Wageningen Universiteit,wo,instelling,
Bachelor Japankunde,Erasmus Universiteit,wo,tekst,
