tekst,sector,juist
maatschappelijk werker | stichting maatschappelijk werk te terneuzen i.s.m. politie en bureau jeugdzorg zeeland,zorg,
bestuurslid | young economic development board rotterdam,bestuur_toezicht_onvoldoende_sectorcontext,
directeur | ggd fryslân,zorg,
"beleidsmedewerker, bureau discriminatiezaken | ",overig_onvoldoende_sectorcontext,
hoofd van fixed income | mees pierson,bedrijfsleven en overige organisaties,
lijsttrekker groenlinks | ,politiek_bestuur,
softwareontwikkelaar | tas groep,bedrijfsleven en overige organisaties,
adjunct-directeur | jeugdzorgaanbieder,zorg,
directeur | stop kindermisbruik,maatschappelijk,
(interim)projectmanager | tpg pakketservice,bedrijfsleven en overige organisaties,
"leerkracht primair onderwijs | obs piet mondriaan, stichting prima",onderwijs_wetenschap,
"plv. officier van justitie / adjunct officier van justitie | openbaar ministerie, parket limburg",juridisch,
fractievoorzitter d66 | gemeenteraad swf,politiek_bestuur,
hoofd diensten & contracten bij de beheerorganisatie c2000 | ministerie van binnenlandse zaken en koninkrijksrelaties,overheid,
afdelingsmanager woonwagenzaken | gemeente den haag (dienst stedelijke ontwikkeling),overheid,
promotiemanager | radio noordzee,media_communicatie,
programmaleider | wageningen livestock research in opdracht van ministerie lnv,overheid,
 | csc,overig_onvoldoende_sectorcontext,
vice-voorzitter beheercommissie sporthal/dorpshuis | maartensdijk,bestuur_toezicht_onvoldoende_sectorcontext,
projectmanager | imtech telecom consultancy & management nv,bedrijfsleven en overige organisaties,
manager public affairs en crisiscommunicatie | burson-marsteller,bedrijfsleven en overige organisaties,
consultant | de boer consultancy,bedrijfsleven en overige organisaties,
eigenaar ‘kerstens werkt’ | ,bedrijfsleven en overige organisaties,
politiek assistent | ministerie van economische zaken,overheid,
"directeur | mkb-nederland, regio amsterdam",bedrijfsleven en overige organisaties,
communicatieadviseur | bikker communicatie,media_communicatie,
programmamaker en presentatrice | radio nederland wereldomroep,media_communicatie,
mede-oprichter | roze maandag,bedrijfsleven en overige organisaties,
ambtelijk secretaris | tweede kamerfractie d66,politiek_ondersteuning,
duurzaamheidsambassadeur | woningcorporatie woonbron,overheid,
partijvoorzitter d66 | ,politiek_bestuur,
lid provinciale staten forum voor democratie zuid-holland | forum voor democratie,politiek_bestuur,
politiek adviseur | tweede kamerlid anton van schijndel,politiek_ondersteuning,
"interviewer, presentator, redacteur en producent van radio- en televisieprogramma’s | streekomroep wos",media_communicatie,
lid taakgroep geloof en samenleving | remonstrantse broederschap,maatschappelijk,
onderzoeker | raad voor de transportveiligheid,onderwijs_wetenschap,
voorlichter | vvd tweede kamerfractie,politiek_ondersteuning,
raadslid | gemeente vlagtwedde,politiek_bestuur,
directeur noord-nederland | ivn natuureducatie,bedrijfsleven en overige organisaties,
afdelingssecretaresse verpleegafdeling | stichting deventer ziekenhuizen,zorg,
"gemeenteraadslid en fractievoorzitter | gemeente amsterdam, deelgemeenten oud-zuid en zuid",politiek_bestuur,
"directeur relatiebeheer, uitvoeringsontwikkeling en aansturing | ministerie van sociale zaken en werkgelegenheid",overheid,
"voorzitter werkgroep kennis en kwaliteit | directie gcp, ind",bedrijfsleven en overige organisaties,
"bestuursadviseur, trainer en coach | veldman management en advies",bedrijfsleven en overige organisaties,
senior beleidsadviseur | gemeente den haag (bestuursdienst),overheid,
gemeenteraadslid leeuwarden | gemeenteraad leeuwarden,politiek_bestuur,
commercieel baktechnisch adviseur | bak speciaal,bedrijfsleven en overige organisaties,
fractievertegenwoordiger pvv | provinciale staten groningen,politiek_bestuur,
"adviseur en acquisiteur ruimtelijke ontwikkeling / stedelijke vernieuwing | arcadis, divisie milieu en ruimte",overheid,
bestuurslid | beter onderwijs nederland (bon),onderwijs_wetenschap,
