tabel,kolom,dtype,eenheid,n_missend,omschrijving
personen,id,str,persoon,0,
personen,nummer,str,persoon,0,
personen,titels,str,persoon,2267,
personen,initialen,str,persoon,0,
personen,tussenvoegsel,str,persoon,2203,
personen,achternaam,str,persoon,1,
personen,voornamen,str,persoon,1474,
personen,roepnaam,str,persoon,1983,
personen,geslacht,str,persoon,0,
personen,functie,str,persoon,0,
personen,geboortedatum,datetime64[us],persoon,2,
personen,geboortedatum_ruw,str,persoon,3,
personen,geboortedatum_precisie,str,persoon,3,
personen,geboorteplaats,str,persoon,1195,
personen,geboorteland,str,persoon,2425,
personen,overlijdensdatum,datetime64[us],persoon,1263,
personen,overlijdensdatum_ruw,str,persoon,1263,
personen,overlijdensdatum_precisie,str,persoon,1263,
personen,overlijdensplaats,str,persoon,2530,
personen,woonplaats,str,persoon,1379,
personen,land,str,persoon,160,
personen,fractielabel,str,persoon,2977,
personen,geboortejaar,float64,persoon,2,
personen,decennium,float64,persoon,3,
personen,geboorte_d,datetime64[us],persoon,2,
personen,overlijden_d,datetime64[us],persoon,1263,
personen,handmatig_aangevuld,bool,persoon,0,
personen,fractie_eerste_id,str,persoon,2280,
personen,fractie_eerste_afk,str,persoon,2280,
personen,fractie_eerste_naam,str,persoon,2280,
personen,fractie_eerste_van,datetime64[us],persoon,2280,
personen,fractie_eerste_tot,datetime64[us],persoon,2370,
personen,n_fracties,float64,persoon,2280,
personen,fractie_laatste_id,str,persoon,2280,
personen,fractie_laatste_afk,str,persoon,2280,
personen,fractie_laatste_naam,str,persoon,2280,
personen,fractie_laatste_van,datetime64[us],persoon,2280,
personen,fractie_laatste_tot,datetime64[us],persoon,2430,
personen,heeft_fractie,bool,persoon,0,
personen,start_jaar_fractie,float64,persoon,2280,
personen,partijwissel,bool,persoon,0,
personen,fractie_laatste_open,bool,persoon,0,
personen,opleiding_hoogste,str,persoon,2818,
personen,opleiding_hoogste_bron,str,persoon,2818,
personen,n_opleidingen,int64,persoon,0,
personen,opleiding_status,str,persoon,0,
personen,n_loopbaanrijen,int64,persoon,0,
personen,n_buiten_politiek,int64,persoon,0,
personen,n_buiten_zeker,int64,persoon,0,
personen,loopbaan_status,str,persoon,0,
personen,leeftijd_aantreden,float64,persoon,2282,
personen,geboorteplaats_sleutel,str,persoon,1195,
personen,geboorte_gemeente,str,persoon,1426,
personen,geboorte_gemeentecode,str,persoon,1426,
personen,geboorte_provincie,str,persoon,1426,
personen,plaats_status,str,persoon,0,
personen,woon_gemeente,str,persoon,1482,
personen,woon_gemeentecode,str,persoon,1482,
personen,woon_provincie,str,persoon,1482,
personen,woon_status,str,persoon,0,
personen,is_eerste_kamerlid,bool,persoon,0,
personen,is_huidig_tweede_kamerlid,bool,persoon,0,
personen,leeftijd_nu,float64,persoon,2933,
loopbaan,id,str,rij (loopbaanregel),0,
loopbaan,persoon_id,str,rij (loopbaanregel),0,
loopbaan,functie,str,rij (loopbaanregel),65,
loopbaan,werkgever,str,rij (loopbaanregel),319,
loopbaan,omschrijving_nl,str,rij (loopbaanregel),1426,
loopbaan,omschrijving_en,str,rij (loopbaanregel),897,
loopbaan,plaats,str,rij (loopbaanregel),1247,
loopbaan,van,datetime64[us],rij (loopbaanregel),99,
loopbaan,van_ruw,str,rij (loopbaanregel),99,
loopbaan,van_precisie,str,rij (loopbaanregel),99,
loopbaan,tot_en_met,datetime64[us],rij (loopbaanregel),296,
loopbaan,tot_en_met_ruw,str,rij (loopbaanregel),296,
loopbaan,tot_en_met_precisie,str,rij (loopbaanregel),296,
loopbaan,gewicht,int32,rij (loopbaanregel),0,
loopbaan,gewijzigd_op,"datetime64[us, Europe/Amsterdam]",rij (loopbaanregel),0,
loopbaan,api_gewijzigd_op,"datetime64[us, Europe/Amsterdam]",rij (loopbaanregel),0,
loopbaan,tekst,str,rij (loopbaanregel),0,
loopbaan,sector,str,rij (loopbaanregel),26,
loopbaan,buiten_politiek,bool,rij (loopbaanregel),0,
loopbaan,buiten_zeker,bool,rij (loopbaanregel),0,
onderwijs,id,str,rij (opleidingsregel),0,
onderwijs,persoon_id,str,rij (opleidingsregel),0,
onderwijs,opleiding_nl,str,rij (opleidingsregel),18,
onderwijs,opleiding_en,str,rij (opleidingsregel),433,
onderwijs,instelling,str,rij (opleidingsregel),200,
onderwijs,plaats,str,rij (opleidingsregel),493,
onderwijs,van,datetime64[us],rij (opleidingsregel),215,
onderwijs,van_ruw,str,rij (opleidingsregel),215,
onderwijs,van_precisie,str,rij (opleidingsregel),215,
onderwijs,tot_en_met,datetime64[us],rij (opleidingsregel),190,
onderwijs,tot_en_met_ruw,str,rij (opleidingsregel),190,
onderwijs,tot_en_met_precisie,str,rij (opleidingsregel),190,
onderwijs,gewicht,int32,rij (opleidingsregel),0,
onderwijs,gewijzigd_op,"datetime64[us, Europe/Amsterdam]",rij (opleidingsregel),0,
onderwijs,api_gewijzigd_op,"datetime64[us, Europe/Amsterdam]",rij (opleidingsregel),0,
onderwijs,categorie,str,rij (opleidingsregel),9,
onderwijs,bron,str,rij (opleidingsregel),130,
onderwijs,status,str,rij (opleidingsregel),0,
onderwijs,instelling_schoon,str,rij (opleidingsregel),200,
onderwijs,rang,float64,rij (opleidingsregel),255,
onderwijs,ingedeeld,bool,rij (opleidingsregel),0,
